Filter Name,Raw Logic,Eliminated Count,Rank,Reason,Eliminated Count (Rechecked),Status,EliminatedCount,FilterName,Type,Logic,Action,Eliminations
sum = 1,Eliminate if the digit sum of the combination equals 1.,0.0,1,,0.0,Skipped - Unrecognized Logic,0.0,,,,,0
"Seed contains 4, 5, 6, 8 → eliminate even combos","4, 5, 6, 8",0.0,,,0.0,Active,0.0,eliminate_even_4568,Quad,set('4568').issubset(seed) and int(combo) % 2 == 0,Eliminate even combos,0
"Seed contains 1, 2, 4, 7 → eliminate even combos","1, 2, 4, 7",0.0,,,0.0,Active,0.0,eliminate_even_1247,Quad,set('1247').issubset(seed) and int(combo) % 2 == 0,Eliminate even combos,0
,,,,,,,,"Quad Filter 48: 1,2,6,8",Manual,"If seed includes digits [1,2,6,8] (in any order)",Eliminate all odd-sum combinations,0
,,,,,,,,"Quad Filter 47: 5,7,8,9",Manual,"If seed includes digits [5,7,8,9] (in any order)",Eliminate all odd-sum combinations,0
,,,,,,,,"Quad Filter 46: 4,6,7,8",Manual,"If seed includes digits [4,6,7,8] (in any order)",Eliminate all odd-sum combinations,0
,,,,,,,,"Quad Filter 45: 4,5,6,7",Manual,"If seed includes digits [4,5,6,7] (in any order)",Eliminate all odd-sum combinations,0
,,,,,,,,"Quad Filter 44: 3,6,7,8",Manual,"If seed includes digits [3,6,7,8] (in any order)",Eliminate all odd-sum combinations,0
,,,,,,,,"Quad Filter 43: 2,5,8,9",Manual,"If seed includes digits [2,5,8,9] (in any order)",Eliminate all odd-sum combinations,0
"Seed contains 3, 4, 5, 8 → eliminate even combos","3, 4, 5, 8",0.0,,,0.0,Active,0.0,eliminate_even_3458,Quad,set('3458').issubset(seed) and int(combo) % 2 == 0,Eliminate even combos,0
,,,,,,,,"Quad Filter 42: 2,3,6,9",Manual,"If seed includes digits [2,3,6,9] (in any order)",Eliminate all odd-sum combinations,0
,,,,,,,,"Quad Filter 40: 1,3,6,8",Manual,"If seed includes digits [1,3,6,8] (in any order)",Eliminate all odd-sum combinations,0
,,,,,,,,"Quad Filter 39: 1,3,4,9",Manual,"If seed includes digits [1,3,4,9] (in any order)",Eliminate all odd-sum combinations,0
,,,,,,,,"Quad Filter 38: 0,5,7,9",Manual,"If seed includes digits [0,5,7,9] (in any order)",Eliminate all odd-sum combinations,0
,,,,,,,,"Quad Filter 37: 0,3,4,7",Manual,"If seed includes digits [0,3,4,7] (in any order)",Eliminate all odd-sum combinations,0
,,,,,,,,"Quad Filter 36: 3,5,7,8",Manual,"If seed includes digits [3,5,7,8] (in any order)",Eliminate all odd-sum combinations,0
,,,,,,,,"Quad Filter 35: 2,4,5,7",Manual,"If seed includes digits [2,4,5,7] (in any order)",Eliminate all odd-sum combinations,0
,,,,,,,,"Quad Filter 34: 1,2,6,7",Manual,"If seed includes digits [1,2,6,7] (in any order)",Eliminate all odd-sum combinations,0
,,,,,,,,"Quad Filter 33: 1,2,4,6",Manual,"If seed includes digits [1,2,4,6] (in any order)",Eliminate all odd-sum combinations,0
,,,,,,,,"Quad Filter 41: 1,4,5,9",Manual,"If seed includes digits [1,4,5,9] (in any order)",Eliminate all odd-sum combinations,0
"Seed contains 0, 5, 6, 7 → eliminate even combos","0, 5, 6, 7",0.0,,,0.0,Active,0.0,eliminate_even_0567,Quad,set('0567').issubset(seed) and int(combo) % 2 == 0,Eliminate even combos,0
"Seed contains 1, 5, 6, 9 → eliminate even combos","1, 5, 6, 9",0.0,,,0.0,Active,0.0,eliminate_even_1569,Quad,set('1569').issubset(seed) and int(combo) % 2 == 0,Eliminate even combos,0
"Seed contains 0, 1, 5, 9 → eliminate even combos","0, 1, 5, 9",0.0,,,0.0,Active,0.0,eliminate_even_0159,Quad,set('0159').issubset(seed) and int(combo) % 2 == 0,Eliminate even combos,0
"Seed contains 0, 3, 6, 9 → eliminate even combos","0, 3, 6, 9",0.0,,,0.0,Active,0.0,eliminate_even_0369,Quad,set('0369').issubset(seed) and int(combo) % 2 == 0,Eliminate even combos,0
"Seed contains 1, 2, 5, 7 → eliminate even combos","1, 2, 5, 7",0.0,,,0.0,Active,0.0,eliminate_even_1257,Quad,set('1257').issubset(seed) and int(combo) % 2 == 0,Eliminate even combos,0
"Seed contains 0, 1, 2, 4 → eliminate even combos","0, 1, 2, 4",0.0,,,0.0,Active,0.0,eliminate_even_0124,Quad,set('0124').issubset(seed) and int(combo) % 2 == 0,Eliminate even combos,0
"Seed contains 0, 1, 7, 8 → eliminate even combos","0, 1, 7, 8",0.0,,,0.0,Active,0.0,eliminate_even_0178,Quad,set('0178').issubset(seed) and int(combo) % 2 == 0,Eliminate even combos,0
"Seed contains 2, 5, 6, 8 → eliminate even combos","2, 5, 6, 8",0.0,,,0.0,Active,0.0,eliminate_even_2568,Quad,set('2568').issubset(seed) and int(combo) % 2 == 0,Eliminate even combos,0
"Seed contains 0, 1, 5, 8 → eliminate even combos","0, 1, 5, 8",0.0,,,0.0,Active,0.0,eliminate_even_0158,Quad,set('0158').issubset(seed) and int(combo) % 2 == 0,Eliminate even combos,0
"Seed contains 2, 3, 4, 5 → eliminate even combos","2, 3, 4, 5",0.0,,,0.0,Active,0.0,eliminate_even_2345,Quad,set('2345').issubset(seed) and int(combo) % 2 == 0,Eliminate even combos,0
"Seed contains 0, 4, 5, 8 → eliminate even combos","0, 4, 5, 8",0.0,,,0.0,Active,0.0,eliminate_even_0458,Quad,set('0458').issubset(seed) and int(combo) % 2 == 0,Eliminate even combos,0
"Seed contains 2, 5, 6, 9 → eliminate even combos","2, 5, 6, 9",0.0,,,0.0,Active,0.0,eliminate_even_2569,Quad,set('2569').issubset(seed) and int(combo) % 2 == 0,Eliminate even combos,0
"Seed contains 1, 2, 6, 8 → eliminate even combos","1, 2, 6, 8",0.0,,,0.0,Active,0.0,eliminate_even_1268,Quad,set('1268').issubset(seed) and int(combo) % 2 == 0,Eliminate even combos,0
"Seed contains 0, 5, 8, 9 → eliminate even combos","0, 5, 8, 9",0.0,,,0.0,Active,0.0,eliminate_even_0589,Quad,set('0589').issubset(seed) and int(combo) % 2 == 0,Eliminate even combos,0
"Seed contains 0, 1, 3, 5 → eliminate even combos","0, 1, 3, 5",0.0,,,0.0,Active,0.0,eliminate_even_0135,Quad,set('0135').issubset(seed) and int(combo) % 2 == 0,Eliminate even combos,0
"Seed contains 0, 2, 6, 9 → eliminate even combos","0, 2, 6, 9",0.0,,,0.0,Active,0.0,eliminate_even_0269,Quad,set('0269').issubset(seed) and int(combo) % 2 == 0,Eliminate even combos,0
"Seed contains 2, 3, 7, 8 → eliminate even combos","2, 3, 7, 8",0.0,,,0.0,Active,0.0,eliminate_even_2378,Quad,set('2378').issubset(seed) and int(combo) % 2 == 0,Eliminate even combos,0
"Seed contains 1, 3, 7, 8 → eliminate even combos","1, 3, 7, 8",0.0,,,0.0,Active,0.0,eliminate_even_1378,Quad,set('1378').issubset(seed) and int(combo) % 2 == 0,Eliminate even combos,0
"Seed contains 2, 3, 5, 7 → eliminate even combos","2, 3, 5, 7",0.0,,,0.0,Active,0.0,eliminate_even_2357,Quad,set('2357').issubset(seed) and int(combo) % 2 == 0,Eliminate even combos,0
"Seed contains 1, 2, 3, 4 → eliminate even combos","1, 2, 3, 4",0.0,,,0.0,Active,0.0,eliminate_even_1234,Quad,set('1234').issubset(seed) and int(combo) % 2 == 0,Eliminate even combos,0
"Seed contains 0, 3, 5, 8 → eliminate even combos","0, 3, 5, 8",0.0,,,0.0,Active,0.0,eliminate_even_0358,Quad,set('0358').issubset(seed) and int(combo) % 2 == 0,Eliminate even combos,0
"Seed contains 0, 2, 3, 9 → eliminate even combos","0, 2, 3, 9",0.0,,,0.0,Active,0.0,eliminate_even_0239,Quad,set('0239').issubset(seed) and int(combo) % 2 == 0,Eliminate even combos,0
,,,,,,,,"Quad Filter 32: 3,4,5,9",Manual,"If seed includes digits [3,4,5,9] (in any order)",Eliminate all odd-sum combinations,0
,,,,,,,,"Quad Filter 31: 1,3,6,7",Manual,"If seed includes digits [1,3,6,7] (in any order)",Eliminate all odd-sum combinations,0
,,,,,,,,"Quad Filter 30: 1,2,3,6",Manual,"If seed includes digits [1,2,3,6] (in any order)",Eliminate all odd-sum combinations,0
,,,,,,,,"Quad Filter 29: 4,6,8,9",Manual,"If seed includes digits [4,6,8,9] (in any order)",Eliminate all odd-sum combinations,0
,,,,,,,,"Quad Filter 5: 0,2,7,9",Manual,"If seed includes digits [0,2,7,9] (in any order)",Eliminate all odd-sum combinations,0
,,,,,,,,"Quad Filter 4: 0,2,4,6",Manual,"If seed includes digits [0,2,4,6] (in any order)",Eliminate all odd-sum combinations,0
,,,,,,,,"Quad Filter 3: 0,2,3,7",Manual,"If seed includes digits [0,2,3,7] (in any order)",Eliminate all odd-sum combinations,0
,,,,,,,,"Quad Filter 2: 0,1,7,9",Manual,"If seed includes digits [0,1,7,9] (in any order)",Eliminate all odd-sum combinations,0
,,,,,,,,"Quad Filter 1: 0,1,3,6",Manual,"If seed includes digits [0,1,3,6] (in any order)",Eliminate all odd-sum combinations,0
FullHouse Seed: Eliminate Even-Sum Combos,"If the seed's digit structure is a FullHouse (three of one digit and a pair of another), eliminate combos whose digit sum is even.",,,,,,1.0,,,,,0
Contains Unique-to-Seed Digit,Eliminate combo if it does not contain at least one digit which is present in the seed but was not present in the draw preceding the seed.,,,,,,93.0,,,,,0
>=2 Common Digits in Both Prev 2 Draws,Eliminate combo if it contains at least 2 digits which appeared in both of the previous 2 draws (including seed).,,,,,,40.0,,,,,0
Distinct <2 from Prev2 Draws,Eliminate combo if it does not contain at least 2 distinct digits which were present in at least one of the previous 2 draws (including seed).,,,,,,53.0,,,,,0
≥2 Distinct Shared Digits vs Prev 2 Draws,Eliminate combo if it contains at least 2 distinct digits which each appeared in at least one of the previous 2 draws (including seed).,,,,,,308.0,,,,,0
No New Digit in Prev 2 Draws,Eliminate combo if it does NOT include at least one digit not present in the previous 2 draws (including seed).,,,,,,45.0,,,,,0
"if seed sum end digit is 7 and combo digit sum end digit is 8, eliminate combo","if seed sum end digit is 7 and combo digit sum end digit is 8, eliminate combo",1.0,114,,0.0,Skipped - Unrecognized Logic,1.0,,,,,0
"if seed sum end digit is 4 and combo digit sum end digit is 8, eliminate combo  ","if seed sum end digit is 4 and combo digit sum end digit is 8, eliminate combo  ",1.0,114,,0.0,Skipped - Unrecognized Logic,1.0,,,,,0
"if seed sum end digit is 1 and combo digit sum end digit is 7, eliminate combo  ","if seed sum end digit is 1 and combo digit sum end digit is 7, eliminate combo  ",1.0,114,,0.0,Skipped - Unrecognized Logic,1.0,,,,,0
"if seed sum end digit is 4 and combo digit sum end digit is 7, eliminate combo  ","if seed sum end digit is 4 and combo digit sum end digit is 7, eliminate combo  ",1.0,114,,0.0,Skipped - Unrecognized Logic,1.0,,,,,0
"if seed sum end digit is 4 and combo digit sum end digit is 6, eliminate combo  ","if seed sum end digit is 4 and combo digit sum end digit is 6, eliminate combo  ",1.0,114,,0.0,Skipped - Unrecognized Logic,1.0,,,,,0
"if seed sum end digit is 5 and combo digit sum end digit is 6, eliminate combo  ","if seed sum end digit is 5 and combo digit sum end digit is 6, eliminate combo  ",1.0,114,,0.0,Skipped - Unrecognized Logic,1.0,,,,,0
"if seed sum end digit is 8 and combo digit sum end digit is 5, eliminate combo  ","if seed sum end digit is 8 and combo digit sum end digit is 5, eliminate combo  ",3.0,124,,0.0,Skipped - Unrecognized Logic,3.0,,,,,0
"if seed sum end digit is 0 and combo digit sum end digit is 4, eliminate combo  ","if seed sum end digit is 0 and combo digit sum end digit is 4, eliminate combo  ",1.0,114,,0.0,Skipped - Unrecognized Logic,1.0,,,,,0
,,,,,,,,"Quad Filter 6: 0,2,8,9",Manual,"If seed includes digits [0,2,8,9] (in any order)",Eliminate all odd-sum combinations,0
"Seed contains 0, 1, 4, 8 → eliminate even combos","0, 1, 4, 8",0.0,,,0.0,Active,0.0,eliminate_even_0148,Quad,set('0148').issubset(seed) and int(combo) % 2 == 0,Eliminate even combos,0
,,,,,,,,"Quad Filter 7: 0,3,5,7",Manual,"If seed includes digits [0,3,5,7] (in any order)",Eliminate all odd-sum combinations,0
,,,,,,,,"Quad Filter 9: 0,3,7,8",Manual,"If seed includes digits [0,3,7,8] (in any order)",Eliminate all odd-sum combinations,0
,,,,,,,,"Quad Filter 28: 4,6,7,9",Manual,"If seed includes digits [4,6,7,9] (in any order)",Eliminate all odd-sum combinations,0
,,,,,,,,"Quad Filter 27: 4,5,6,9",Manual,"If seed includes digits [4,5,6,9] (in any order)",Eliminate all odd-sum combinations,0
,,,,,,,,"Quad Filter 26: 3,6,8,9",Manual,"If seed includes digits [3,6,8,9] (in any order)",Eliminate all odd-sum combinations,0
,,,,,,,,"Quad Filter 25: 3,4,6,9",Manual,"If seed includes digits [3,4,6,9] (in any order)",Eliminate all odd-sum combinations,0
,,,,,,,,"Quad Filter 24: 3,4,6,7",Manual,"If seed includes digits [3,4,6,7] (in any order)",Eliminate all odd-sum combinations,0
,,,,,,,,"Quad Filter 23: 2,7,8,9",Manual,"If seed includes digits [2,7,8,9] (in any order)",Eliminate all odd-sum combinations,0
,,,,,,,,"Quad Filter 22: 2,6,8,9",Manual,"If seed includes digits [2,6,8,9] (in any order)",Eliminate all odd-sum combinations,0
,,,,,,,,"Quad Filter 21: 2,4,8,9",Manual,"If seed includes digits [2,4,8,9] (in any order)",Eliminate all odd-sum combinations,0
,,,,,,,,"Quad Filter 20: 2,4,5,9",Manual,"If seed includes digits [2,4,5,9] (in any order)",Eliminate all odd-sum combinations,0
,,,,,,,,"Quad Filter 19: 2,3,8,9",Manual,"If seed includes digits [2,3,8,9] (in any order)",Eliminate all odd-sum combinations,0
,,,,,,,,"Quad Filter 18: 2,3,5,8",Manual,"If seed includes digits [2,3,5,8] (in any order)",Eliminate all odd-sum combinations,0
,,,,,,,,"Quad Filter 17: 1,7,8,9",Manual,"If seed includes digits [1,7,8,9] (in any order)",Eliminate all odd-sum combinations,0
,,,,,,,,"Quad Filter 16: 1,5,6,8",Manual,"If seed includes digits [1,5,6,8] (in any order)",Eliminate all odd-sum combinations,0
,,,,,,,,"Quad Filter 15: 1,4,7,8",Manual,"If seed includes digits [1,4,7,8] (in any order)",Eliminate all odd-sum combinations,0
,,,,,,,,"Quad Filter 14: 1,4,6,8",Manual,"If seed includes digits [1,4,6,8] (in any order)",Eliminate all odd-sum combinations,0
,,,,,,,,"Quad Filter 13: 1,4,6,7",Manual,"If seed includes digits [1,4,6,7] (in any order)",Eliminate all odd-sum combinations,0
,,,,,,,,"Quad Filter 12: 1,3,8,9",Manual,"If seed includes digits [1,3,8,9] (in any order)",Eliminate all odd-sum combinations,0
,,,,,,,,"Quad Filter 11: 0,6,7,8",Manual,"If seed includes digits [0,6,7,8] (in any order)",Eliminate all odd-sum combinations,0
,,,,,,,,"Quad Filter 10: 0,3,7,9",Manual,"If seed includes digits [0,3,7,9] (in any order)",Eliminate all odd-sum combinations,0
,,,,,,,,"Quad Filter 8: 0,3,6,7",Manual,"If seed includes digits [0,3,6,7] (in any order)",Eliminate all odd-sum combinations,0
"if seed sum end digit is 3 and combo digit sum end digit is 3, eliminate combo  ","if seed sum end digit is 3 and combo digit sum end digit is 3, eliminate combo  ",1.0,114,,0.0,Skipped - Unrecognized Logic,1.0,,,,,0
"Seed contains 0, 4, 5, 9 → eliminate even combos","0, 4, 5, 9",0.0,,,0.0,Active,0.0,eliminate_even_0459,Quad,set('0459').issubset(seed) and int(combo) % 2 == 0,Eliminate even combos,0
"Seed contains 0, 1, 8, 9 → eliminate even combos","0, 1, 8, 9",0.0,,,0.0,Active,0.0,eliminate_even_0189,Quad,set('0189').issubset(seed) and int(combo) % 2 == 0,Eliminate even combos,0
"Row 76: Seed contains 0,2,3,4 → eliminate combos with odd sums","0,2,3,4",0.0,,,0.0,Active,0.0,eliminate_odd_sum_0234,Quad,set('0234').issubset(seed) and sum(int(d) for d in combo) % 2 == 1,Eliminate combos with odd sums,0
"Row 75: Seed contains 0,4,5,6 → eliminate combos with odd sums","0,4,5,6",0.0,,,0.0,Active,0.0,eliminate_odd_sum_0456,Quad,set('0456').issubset(seed) and sum(int(d) for d in combo) % 2 == 1,Eliminate combos with odd sums,0
"Row 74: Seed contains 0,1,2,6 → eliminate combos with odd sums","0,1,2,6",0.0,,,0.0,Active,0.0,eliminate_odd_sum_0126,Quad,set('0126').issubset(seed) and sum(int(d) for d in combo) % 2 == 1,Eliminate combos with odd sums,0
"Row 73: Seed contains 0,2,6,7 → eliminate combos with odd sums","0,2,6,7",0.0,,,0.0,Active,0.0,eliminate_odd_sum_0267,Quad,set('0267').issubset(seed) and sum(int(d) for d in combo) % 2 == 1,Eliminate combos with odd sums,0
"Row 72: Seed contains 0,1,6,9 → eliminate combos with odd sums","0,1,6,9",0.0,,,0.0,Active,0.0,eliminate_odd_sum_0169,Quad,set('0169').issubset(seed) and sum(int(d) for d in combo) % 2 == 1,Eliminate combos with odd sums,0
"Row 71: Seed contains 6,7,8,9 → eliminate combos with odd sums","6,7,8,9",0.0,,,0.0,Active,0.0,eliminate_odd_sum_6789,Quad,set('6789').issubset(seed) and sum(int(d) for d in combo) % 2 == 1,Eliminate combos with odd sums,0
"Row 70: Seed contains 2,3,6,7 → eliminate combos with odd sums","2,3,6,7",0.0,,,0.0,Active,0.0,eliminate_odd_sum_2367,Quad,set('2367').issubset(seed) and sum(int(d) for d in combo) % 2 == 1,Eliminate combos with odd sums,0
"Row 69: Seed contains 5,6,8,9 → eliminate combos with odd sums","5,6,8,9",0.0,,,0.0,Active,0.0,eliminate_odd_sum_5689,Quad,set('5689').issubset(seed) and sum(int(d) for d in combo) % 2 == 1,Eliminate combos with odd sums,0
"Row 77: Seed contains 0,3,4,5 → eliminate combos with odd sums","0,3,4,5",0.0,,,0.0,Active,0.0,eliminate_odd_sum_0345,Quad,set('0345').issubset(seed) and sum(int(d) for d in combo) % 2 == 1,Eliminate combos with odd sums,0
"Row 68: Seed contains 3,7,8,9 → eliminate combos with odd sums","3,7,8,9",0.0,,,0.0,Active,0.0,eliminate_odd_sum_3789,Quad,set('3789').issubset(seed) and sum(int(d) for d in combo) % 2 == 1,Eliminate combos with odd sums,0
"Row 66: Seed contains 3,4,5,7 → eliminate combos with odd sums","3,4,5,7",0.0,,,0.0,Active,0.0,eliminate_odd_sum_3457,Quad,set('3457').issubset(seed) and sum(int(d) for d in combo) % 2 == 1,Eliminate combos with odd sums,0
"Row 65: Seed contains 3,4,5,6 → eliminate combos with odd sums","3,4,5,6",0.0,,,0.0,Active,0.0,eliminate_odd_sum_3456,Quad,set('3456').issubset(seed) and sum(int(d) for d in combo) % 2 == 1,Eliminate combos with odd sums,0
"Row 64: Seed contains 2,5,7,8 → eliminate combos with odd sums","2,5,7,8",0.0,,,0.0,Active,0.0,eliminate_odd_sum_2578,Quad,set('2578').issubset(seed) and sum(int(d) for d in combo) % 2 == 1,Eliminate combos with odd sums,0
"Row 63: Seed contains 2,4,6,7 → eliminate combos with odd sums","2,4,6,7",0.0,,,0.0,Active,0.0,eliminate_odd_sum_2467,Quad,set('2467').issubset(seed) and sum(int(d) for d in combo) % 2 == 1,Eliminate combos with odd sums,0
"Row 62: Seed contains 2,4,5,8 → eliminate combos with odd sums","2,4,5,8",0.0,,,0.0,Active,0.0,eliminate_odd_sum_2458,Quad,set('2458').issubset(seed) and sum(int(d) for d in combo) % 2 == 1,Eliminate combos with odd sums,0
"Row 61: Seed contains 1,5,7,9 → eliminate combos with odd sums","1,5,7,9",0.0,,,0.0,Active,0.0,eliminate_odd_sum_1579,Quad,set('1579').issubset(seed) and sum(int(d) for d in combo) % 2 == 1,Eliminate combos with odd sums,0
"Row 60: Seed contains 1,4,6,9 → eliminate combos with odd sums","1,4,6,9",0.0,,,0.0,Active,0.0,eliminate_odd_sum_1469,Quad,set('1469').issubset(seed) and sum(int(d) for d in combo) % 2 == 1,Eliminate combos with odd sums,0
"Row 59: Seed contains 1,4,5,7 → eliminate combos with odd sums","1,4,5,7",0.0,,,0.0,Active,0.0,eliminate_odd_sum_1457,Quad,set('1457').issubset(seed) and sum(int(d) for d in combo) % 2 == 1,Eliminate combos with odd sums,0
"Row 67: Seed contains 3,4,8,9 → eliminate combos with odd sums","3,4,8,9",0.0,,,0.0,Active,0.0,eliminate_odd_sum_3489,Quad,set('3489').issubset(seed) and sum(int(d) for d in combo) % 2 == 1,Eliminate combos with odd sums,0
"Row 78: Seed contains 0,1,6,7 → eliminate combos with odd sums","0,1,6,7",0.0,,,0.0,Active,0.0,eliminate_odd_sum_0167,Quad,set('0167').issubset(seed) and sum(int(d) for d in combo) % 2 == 1,Eliminate combos with odd sums,0
"Row 79: Seed contains 0,1,3,8 → eliminate combos with odd sums","0,1,3,8",0.0,,,0.0,Active,0.0,eliminate_odd_sum_0138,Quad,set('0138').issubset(seed) and sum(int(d) for d in combo) % 2 == 1,Eliminate combos with odd sums,0
"Row 80: Seed contains 0,4,5,7 → eliminate combos with odd sums","0,4,5,7",0.0,,,0.0,Active,0.0,eliminate_odd_sum_0457,Quad,set('0457').issubset(seed) and sum(int(d) for d in combo) % 2 == 1,Eliminate combos with odd sums,0
"Row 160: Seed contains 4,7,8,9 → eliminate combos with even sums","4,7,8,9",0.0,,,0.0,Active,0.0,eliminate_even_sum_4789,Quad,set('4789').issubset(seed) and sum(int(d) for d in combo) % 2 == 0,Eliminate combos with even sums,0
"Row 159: Seed contains 2,3,4,8 → eliminate combos with even sums","2,3,4,8",0.0,,,0.0,Active,0.0,eliminate_even_sum_2348,Quad,set('2348').issubset(seed) and sum(int(d) for d in combo) % 2 == 0,Eliminate combos with even sums,0
"Row 158: Seed contains 0,2,5,8 → eliminate combos with even sums","0,2,5,8",0.0,,,0.0,Active,0.0,eliminate_even_sum_0258,Quad,set('0258').issubset(seed) and sum(int(d) for d in combo) % 2 == 0,Eliminate combos with even sums,0
"Row 157: Seed contains 0,4,7,9 → eliminate combos with even sums","0,4,7,9",0.0,,,0.0,Active,0.0,eliminate_even_sum_0479,Quad,set('0479').issubset(seed) and sum(int(d) for d in combo) % 2 == 0,Eliminate combos with even sums,0
"Row 156: Seed contains 2,3,5,9 → eliminate combos with even sums","2,3,5,9",0.0,,,0.0,Active,0.0,eliminate_even_sum_2359,Quad,set('2359').issubset(seed) and sum(int(d) for d in combo) % 2 == 0,Eliminate combos with even sums,0
"Row 155: Seed contains 2,3,6,8 → eliminate combos with even sums","2,3,6,8",0.0,,,0.0,Active,0.0,eliminate_even_sum_2368,Quad,set('2368').issubset(seed) and sum(int(d) for d in combo) % 2 == 0,Eliminate combos with even sums,0
"Row 154: Seed contains 0,3,4,8 → eliminate combos with even sums","0,3,4,8",0.0,,,0.0,Active,0.0,eliminate_even_sum_0348,Quad,set('0348').issubset(seed) and sum(int(d) for d in combo) % 2 == 0,Eliminate combos with even sums,0
"Row 153: Seed contains 0,4,7,8 → eliminate combos with even sums","0,4,7,8",0.0,,,0.0,Active,0.0,eliminate_even_sum_0478,Quad,set('0478').issubset(seed) and sum(int(d) for d in combo) % 2 == 0,Eliminate combos with even sums,0
"Row 152: Seed contains 0,1,3,7 → eliminate combos with even sums","0,1,3,7",0.0,,,0.0,Active,0.0,eliminate_even_sum_0137,Quad,set('0137').issubset(seed) and sum(int(d) for d in combo) % 2 == 0,Eliminate combos with even sums,0
"Row 151: Seed contains 0,2,3,5 → eliminate combos with even sums","0,2,3,5",0.0,,,0.0,Active,0.0,eliminate_even_sum_0235,Quad,set('0235').issubset(seed) and sum(int(d) for d in combo) % 2 == 0,Eliminate combos with even sums,0
"Row 150: Seed contains 0,3,5,9 → eliminate combos with even sums","0,3,5,9",0.0,,,0.0,Active,0.0,eliminate_even_sum_0359,Quad,set('0359').issubset(seed) and sum(int(d) for d in combo) % 2 == 0,Eliminate combos with even sums,0
"Row 149: Seed contains 1,2,4,9 → eliminate combos with even sums","1,2,4,9",0.0,,,0.0,Active,0.0,eliminate_even_sum_1249,Quad,set('1249').issubset(seed) and sum(int(d) for d in combo) % 2 == 0,Eliminate combos with even sums,0
"Row 148: Seed contains 3,4,6,8 → eliminate combos with even sums","3,4,6,8",0.0,,,0.0,Active,0.0,eliminate_even_sum_3468,Quad,set('3468').issubset(seed) and sum(int(d) for d in combo) % 2 == 0,Eliminate combos with even sums,0
"Row 147: Seed contains 1,2,5,8 → eliminate combos with even sums","1,2,5,8",0.0,,,0.0,Active,0.0,eliminate_even_sum_1258,Quad,set('1258').issubset(seed) and sum(int(d) for d in combo) % 2 == 0,Eliminate combos with even sums,0
"Row 146: Seed contains 2,5,6,7 → eliminate combos with even sums","2,5,6,7",0.0,,,0.0,Active,0.0,eliminate_even_sum_2567,Quad,set('2567').issubset(seed) and sum(int(d) for d in combo) % 2 == 0,Eliminate combos with even sums,0
"Row 145: Seed contains 0,6,7,9 → eliminate combos with even sums","0,6,7,9",0.0,,,0.0,Active,0.0,eliminate_even_sum_0679,Quad,set('0679').issubset(seed) and sum(int(d) for d in combo) % 2 == 0,Eliminate combos with even sums,0
"Row 144: Seed contains 0,2,5,6 → eliminate combos with even sums","0,2,5,6",0.0,,,0.0,Active,0.0,eliminate_even_sum_0256,Quad,set('0256').issubset(seed) and sum(int(d) for d in combo) % 2 == 0,Eliminate combos with even sums,0
"Row 82: Seed contains 0,2,4,5 → eliminate combos with odd sums","0,2,4,5",0.0,,,0.0,Active,0.0,eliminate_odd_sum_0245,Quad,set('0245').issubset(seed) and sum(int(d) for d in combo) % 2 == 1,Eliminate combos with odd sums,0
"Row 81: Seed contains 0,2,6,8 → eliminate combos with odd sums","0,2,6,8",0.0,,,0.0,Active,0.0,eliminate_odd_sum_0268,Quad,set('0268').issubset(seed) and sum(int(d) for d in combo) % 2 == 1,Eliminate combos with odd sums,0
"Row 58: Seed contains 1,4,5,6 → eliminate combos with odd sums","1,4,5,6",0.0,,,0.0,Active,0.0,eliminate_odd_sum_1456,Quad,set('1456').issubset(seed) and sum(int(d) for d in combo) % 2 == 1,Eliminate combos with odd sums,0
"Row 57: Seed contains 1,3,7,9 → eliminate combos with odd sums","1,3,7,9",0.0,,,0.0,Active,0.0,eliminate_odd_sum_1379,Quad,set('1379').issubset(seed) and sum(int(d) for d in combo) % 2 == 1,Eliminate combos with odd sums,0
"Row 56: Seed contains 1,2,8,9 → eliminate combos with odd sums","1,2,8,9",0.0,,,0.0,Active,0.0,eliminate_odd_sum_1289,Quad,set('1289').issubset(seed) and sum(int(d) for d in combo) % 2 == 1,Eliminate combos with odd sums,0
"Row 55: Seed contains 1,2,5,6 → eliminate combos with odd sums","1,2,5,6",0.0,,,0.0,Active,0.0,eliminate_odd_sum_1256,Quad,set('1256').issubset(seed) and sum(int(d) for d in combo) % 2 == 1,Eliminate combos with odd sums,0
"Row 7: Seed contains 3,4,9 → eliminate odd combos","3,4,9",0.0,,,0.0,Active,0.0,eliminate_odd_349,Triplet,set('349').issubset(seed) and int(combo) % 2 == 1,Eliminate odd combos,0
"Seed contains 4,6,9 → eliminate odd combos","4,6,9",0.0,,,0.0,Active,0.0,eliminate_odd_469,Triplet,set('469').issubset(seed) and int(combo) % 2 == 1,Eliminate odd combos,0
"Seed contains 0,3,7 → eliminate odd combos","0,3,7",0.0,,,0.0,Active,0.0,eliminate_odd_037,Triplet,set('037').issubset(seed) and int(combo) % 2 == 1,Eliminate odd combos,0
"Seed contains 3,4,8 → eliminate odd combos","3,4,8",0.0,,,0.0,Active,0.0,eliminate_odd_348,Triplet,set('348').issubset(seed) and int(combo) % 2 == 1,Eliminate odd combos,0
"Seed contains 4,6,7 → eliminate odd combos","4,6,7",0.0,,,0.0,Active,0.0,eliminate_odd_467,Triplet,set('467').issubset(seed) and int(combo) % 2 == 1,Eliminate odd combos,0
"Seed contains 1,3,6 → eliminate odd combos","1,3,6",0.0,,,0.0,Active,0.0,eliminate_odd_136,Triplet,set('136').issubset(seed) and int(combo) % 2 == 1,Eliminate odd combos,0
"Seed contains 2,8,9 → eliminate odd combos","2,8,9",0.0,,,0.0,Active,0.0,eliminate_odd_289,Triplet,set('289').issubset(seed) and int(combo) % 2 == 1,Eliminate odd combos,0
"Seed contains 1, 2, 3, 5 → eliminate even combos","1, 2, 3, 5",0.0,,,0.0,Active,0.0,eliminate_even_1235,Quad,set('1235').issubset(seed) and int(combo) % 2 == 0,Eliminate even combos,0
"Seed contains 2, 3, 5, 8 → eliminate even combos","2, 3, 5, 8",0.0,,,0.0,Active,0.0,eliminate_even_2358,Quad,set('2358').issubset(seed) and int(combo) % 2 == 0,Eliminate even combos,0
"Seed contains 0, 2, 4, 7 → eliminate even combos","0, 2, 4, 7",0.0,,,0.0,Active,0.0,eliminate_even_0247,Quad,set('0247').issubset(seed) and int(combo) % 2 == 0,Eliminate even combos,0
"Seed contains 0, 2, 3, 7 → eliminate even combos","0, 2, 3, 7",0.0,,,0.0,Active,0.0,eliminate_even_0237,Quad,set('0237').issubset(seed) and int(combo) % 2 == 0,Eliminate even combos,0
"Seed contains 1, 3, 5, 8 → eliminate even combos","1, 3, 5, 8",0.0,,,0.0,Active,0.0,eliminate_even_1358,Quad,set('1358').issubset(seed) and int(combo) % 2 == 0,Eliminate even combos,0
"Seed contains 1, 2, 5, 8 → eliminate even combos","1, 2, 5, 8",0.0,,,0.0,Active,0.0,eliminate_even_1258,Quad,set('1258').issubset(seed) and int(combo) % 2 == 0,Eliminate even combos,0
"Seed contains 2, 3, 6, 8 → eliminate even combos","2, 3, 6, 8",0.0,,,0.0,Active,0.0,eliminate_even_2368,Quad,set('2368').issubset(seed) and int(combo) % 2 == 0,Eliminate even combos,0
"Seed contains 1, 4, 6, 8 → eliminate even combos","1, 4, 6, 8",0.0,,,0.0,Active,0.0,eliminate_even_1468,Quad,set('1468').issubset(seed) and int(combo) % 2 == 0,Eliminate even combos,0
"Seed contains 1, 3, 4, 7 → eliminate even combos","1, 3, 4, 7",0.0,,,0.0,Active,0.0,eliminate_even_1347,Quad,set('1347').issubset(seed) and int(combo) % 2 == 0,Eliminate even combos,0
"Seed contains 0, 2, 4, 6 → eliminate even combos","0, 2, 4, 6",0.0,,,0.0,Active,0.0,eliminate_even_0246,Quad,set('0246').issubset(seed) and int(combo) % 2 == 0,Eliminate even combos,0
"Seed contains 3, 5, 8, 9 → eliminate even combos","3, 5, 8, 9",0.0,,,0.0,Active,0.0,eliminate_even_3589,Quad,set('3589').issubset(seed) and int(combo) % 2 == 0,Eliminate even combos,0
"Seed contains 0, 1, 4, 6 → eliminate even combos","0, 1, 4, 6",0.0,,,0.0,Active,0.0,eliminate_even_0146,Quad,set('0146').issubset(seed) and int(combo) % 2 == 0,Eliminate even combos,0
"Row 8: Seed contains 1,2,6 → eliminate odd combos","1,2,6",0.0,,,0.0,Active,0.0,eliminate_odd_126,Triplet,set('126').issubset(seed) and int(combo) % 2 == 1,Eliminate odd combos,0
"Seed contains 0, 3, 6, 8 → eliminate even combos","0, 3, 6, 8",0.0,,,0.0,Active,0.0,eliminate_even_0368,Quad,set('0368').issubset(seed) and int(combo) % 2 == 0,Eliminate even combos,0
"Row 9: Seed contains 4,5,7 → eliminate odd combos","4,5,7",0.0,,,0.0,Active,0.0,eliminate_odd_457,Triplet,set('457').issubset(seed) and int(combo) % 2 == 1,Eliminate odd combos,0
"Row 11: Seed contains 3,6,9 → eliminate odd combos","3,6,9",0.0,,,0.0,Active,0.0,eliminate_odd_369,Triplet,set('369').issubset(seed) and int(combo) % 2 == 1,Eliminate odd combos,0
"Row 54: Seed contains 1,3,4,7 → eliminate combos with odd sums","1,3,4,7",0.0,,,0.0,Active,0.0,eliminate_odd_sum_1347,Quad,set('1347').issubset(seed) and sum(int(d) for d in combo) % 2 == 1,Eliminate combos with odd sums,0
"Row 53: Seed contains 1,3,5,7 → eliminate combos with odd sums","1,3,5,7",0.0,,,0.0,Active,0.0,eliminate_odd_sum_1357,Quad,set('1357').issubset(seed) and sum(int(d) for d in combo) % 2 == 1,Eliminate combos with odd sums,0
"Row 52: Seed contains 0,7,8,9 → eliminate combos with odd sums","0,7,8,9",0.0,,,0.0,Active,0.0,eliminate_odd_sum_0789,Quad,set('0789').issubset(seed) and sum(int(d) for d in combo) % 2 == 1,Eliminate combos with odd sums,0
"Row 51: Seed contains 1,3,5,6 → eliminate combos with odd sums","1,3,5,6",0.0,,,0.0,Active,0.0,eliminate_odd_sum_1356,Quad,set('1356').issubset(seed) and sum(int(d) for d in combo) % 2 == 1,Eliminate combos with odd sums,0
"Row 50: Seed contains 1,3,4,6 → eliminate combos with odd sums","1,3,4,6",0.0,,,0.0,Active,0.0,eliminate_odd_sum_1346,Quad,set('1346').issubset(seed) and sum(int(d) for d in combo) % 2 == 1,Eliminate combos with odd sums,0
"Row 49: Seed contains 2,4,5,6 → eliminate combos with odd sums","2,4,5,6",0.0,,,0.0,Active,0.0,eliminate_odd_sum_2456,Quad,set('2456').issubset(seed) and sum(int(d) for d in combo) % 2 == 1,Eliminate combos with odd sums,0
"Row 48: Seed contains 1,2,6,8 → eliminate combos with odd sums","1,2,6,8",0.0,,,0.0,Active,0.0,eliminate_odd_sum_1268,Quad,set('1268').issubset(seed) and sum(int(d) for d in combo) % 2 == 1,Eliminate combos with odd sums,0
"Row 120: Seed contains 0,1,8 → eliminate even combos","0,1,8",0.0,,,0.0,Active,0.0,eliminate_even_018,Triplet,set('018').issubset(seed) and int(combo) % 2 == 0,Eliminate even combos,0
"Row 119: Seed contains 0,5,8 → eliminate even combos","0,5,8",0.0,,,0.0,Active,0.0,eliminate_even_058,Triplet,set('058').issubset(seed) and int(combo) % 2 == 0,Eliminate even combos,0
"Row 118: Seed contains 0,1,4 → eliminate even combos","0,1,4",0.0,,,0.0,Active,0.0,eliminate_even_014,Triplet,set('014').issubset(seed) and int(combo) % 2 == 0,Eliminate even combos,0
"Row 117: Seed contains 0,1,2 → eliminate even combos","0,1,2",0.0,,,0.0,Active,0.0,eliminate_even_012,Triplet,set('012').issubset(seed) and int(combo) % 2 == 0,Eliminate even combos,0
"Row 116: Seed contains 0,8,9 → eliminate even combos","0,8,9",0.0,,,0.0,Active,0.0,eliminate_even_089,Triplet,set('089').issubset(seed) and int(combo) % 2 == 0,Eliminate even combos,0
"Row 115: Seed contains 0,4,8 → eliminate even combos","0,4,8",0.0,,,0.0,Active,0.0,eliminate_even_048,Triplet,set('048').issubset(seed) and int(combo) % 2 == 0,Eliminate even combos,0
"Row 114: Seed contains 1,2,5 → eliminate even combos","1,2,5",0.0,,,0.0,Active,0.0,eliminate_even_125,Triplet,set('125').issubset(seed) and int(combo) % 2 == 0,Eliminate even combos,0
"Row 113: Seed contains 4,5,8 → eliminate even combos","4,5,8",0.0,,,0.0,Active,0.0,eliminate_even_458,Triplet,set('458').issubset(seed) and int(combo) % 2 == 0,Eliminate even combos,0
"Row 112: Seed contains 1,7,8 → eliminate even combos","1,7,8",0.0,,,0.0,Active,0.0,eliminate_even_178,Triplet,set('178').issubset(seed) and int(combo) % 2 == 0,Eliminate even combos,0
"Row 111: Seed contains 2,7,8 → eliminate even combos","2,7,8",0.0,,,0.0,Active,0.0,eliminate_even_278,Triplet,set('278').issubset(seed) and int(combo) % 2 == 0,Eliminate even combos,0
"Row 110: Seed contains 2,3,5 → eliminate even combos","2,3,5",0.0,,,0.0,Active,0.0,eliminate_even_235,Triplet,set('235').issubset(seed) and int(combo) % 2 == 0,Eliminate even combos,0
"Row 109: Seed contains 1,2,9 → eliminate even combos","1,2,9",0.0,,,0.0,Active,0.0,eliminate_even_129,Triplet,set('129').issubset(seed) and int(combo) % 2 == 0,Eliminate even combos,0
"Row 10: Seed contains 4,5,6 → eliminate odd combos","4,5,6",0.0,,,0.0,Active,0.0,eliminate_odd_456,Triplet,set('456').issubset(seed) and int(combo) % 2 == 1,Eliminate odd combos,0
"Row 161: Seed contains 1,2,5,9 → eliminate combos with even sums","1,2,5,9",0.0,,,0.0,Active,0.0,eliminate_even_sum_1259,Quad,set('1259').issubset(seed) and sum(int(d) for d in combo) % 2 == 0,Eliminate combos with even sums,0
"if seed sum end digit is 3 and combo digit sum end digit is 1, eliminate combo  ","if seed sum end digit is 3 and combo digit sum end digit is 1, eliminate combo  ",1.0,114,,0.0,Skipped - Unrecognized Logic,1.0,,,,,0
"if combo has ≥5 shared digits with seed and combo digit sum < 22, eliminate combo","if combo has ≥5 shared digits with seed and combo digit sum < 22, eliminate combo",0.0,Skipped,Missing thresholds,0.0,Skipped - Unrecognized Logic,0.0,,,,,0
sum category transition filter - low to mid.,eliminate if seed sum is 16-24 and combo digit sum is 25-33,0.0,1,,0.0,Skipped - Unrecognized Logic,,,,,,0
sum category transition filter - mid to very low.,eliminate if seed sum is 25-33 and combo digit sum is 0-15,0.0,1,,0.0,Skipped - Unrecognized Logic,,,,,,0
Prime Digits ≥4,"Eliminate combos with ≥4 prime digits (2,3,5,7)",0.0,1,,0.0,Skipped - Unrecognized Logic,,,,,,0
"prime digit filter - eliminates combos with >=2 prime digits (2,3,5,7).","eliminate combos with >=2 prime digits (2,3,5,7).",244.0,127,,0.0,Skipped - Unrecognized Logic,,,,,,0
no 2-digit internal mirror pairs - eliminates combos with digit and its mirror.,eliminate combos which include a digit as well as thst digit's mirror,0.0,1,,0.0,Skipped - Unrecognized Logic,,,,,,0
"double-double filter - exactly 3 digits: two twice, one once.","eliminate combos containing  exactly 3 digits: two twice, one once.",0.0,1,,0.0,Skipped - Unrecognized Logic,,,,,,0
triple filter - 3 digits identical.,eliminate combos in which 3 digits are identical,0.0,1,,0.0,Skipped - Unrecognized Logic,,,,,,0
quad filter - 4 digits identical.,eliminate combos which contain 4 identical digits,0.0,1,,0.0,Skipped - Unrecognized Logic,,,,,,0
mirror sum = combo sum - eliminates combos whose digit sum matches seed mirror sum.,eliinate combo if combo digit sum = seed sum mirror,0.0,1,,0.0,Skipped - Unrecognized Logic,,,,,,0
Due Digit Trap,Requires at least 1 due digit from due digits; eliminate if combo contains no due digits,0.0,1,,0.0,Skipped - Unrecognized Logic,,,,,,0
 seed first digit vs sum last digit,eliminate combo if combo digit sum = seedsum first digit,0.0,1,,0.0,Skipped - Unrecognized Logic,,,,,,0
eliminate if seed contains both '0' and '7' and sum < 8 or > 28,eliminate if seed contains both '0' and '7' and sum < 8 or > 28,0.0,1,,0.0,Skipped - Unrecognized Logic,,,,,,0
eliminate if seed contains both '0' and '6' and sum < 8 or > 29,eliminate if seed contains both '0' and '6' and sum < 8 or > 29,0.0,1,,0.0,Skipped - Unrecognized Logic,,,,,,0
eliminate if seed contains both '0' and '5' and sum < 10 or > 30,eliminate if seed contains both '0' and '5' and sum < 10 or > 30,0.0,1,,0.0,Skipped - Unrecognized Logic,,,,,,0
eliminate if seed contains '00' and sum < 11 or > 33,eliminate if seed contains '00' and sum < 11 or > 33,0.0,1,,0.0,Skipped - Unrecognized Logic,,,,,,0
seed digit exclusion 29,Eliminate if seed contains 1 and winner contains neither 4 nor 2,0.0,1,,0.0,Skipped - Unrecognized Logic,59.0,,,,,0
seed digit exclusion 28,"Eliminate if seed contains 5 and winner contains neither 2, 3, nor 1",0.0,1,,0.0,Skipped - Unrecognized Logic,,,,,,0
seed digit exclusion 27,Eliminate if seed contains 6 and winner contains neither 3 nor 4,0.0,1,,0.0,Skipped - Unrecognized Logic,56.0,,,,,0
cold digit trap - requires at least 1 digit from the coldest digits.,eliminate combo if no digit = 1 digit from cold digits,185.0,126,,0.0,Skipped - Unrecognized Logic,,,,,,0
mirror count = 0 - eliminate combos that do not contain any mirror digit from the seed.,eliminate combo if combo does not contain the mirror of any digts in the seeed,0.0,1,,0.0,Skipped - Unrecognized Logic,,,,,,0
combo contains last digit of mirror sum - manual filter.,"if any digit in the combo is =seed sum last digit mirror, eliminate mirror",0.0,1,,0.0,Skipped - Unrecognized Logic,,,,,,0
"seed contains 0 -> winner must contain 1, 2, or 3.","if any digit in the seed is  0 and combo does not contain either 1, 2, or 3, eliminate combo",0.0,1,,0.0,Skipped - Unrecognized Logic,,,,,,0
all low digits (0-3) - eliminates if all 5 digits are from 0 to 3.,eliminate combos if all five digits are >/=3,0.0,1,,0.0,Skipped - Unrecognized Logic,,,,,,0
high-end digit limit - eliminates if 2 or more digits >= 8.,eliminate combo if combo contains 2 or more digits >/= 8,0.0,1,,0.0,Skipped - Unrecognized Logic,,,,,,0
digit spread < 4 - eliminates combos with low spread between digits.,eliminate combo if combo digit spread is <4,0.0,1,,0.0,Skipped - Unrecognized Logic,,,,,,0
seed contains 07 and sum <8 or >28.,eliminate combo if seed contains 0 and 7 in any order and combo digit sum is <8 or >28,0.0,1,,0.0,Skipped - Unrecognized Logic,,,,,,0
seed contains 06 and sum <8 or >29.,eliminate combo if seed contains 0 and 6  in any order and  combo digit sum is <8 or >29,0.0,1,,0.0,Skipped - Unrecognized Logic,,,,,,0
sum > 40 - eliminates combos where digit sum is over 40.,"if combo digit sum is >40, eliminate combo",0.0,1,,0.0,Skipped - Unrecognized Logic,,,,,,0
seed contains 05 and sum <10 or >30.,"if seed contains 0 and 5 in any order and combo digit sum is <10 or >30, eliminate combo",0.0,1,,0.0,Skipped - Unrecognized Logic,,,,,,0
seed contains 04 and sum <10 or >29.,"if seed contains 0 and 4 in any order and combo digit sum is <10 or >29, eliminate combo",0.0,1,,0.0,Skipped - Unrecognized Logic,,,,,,0
seed contains 03 and sum <13 or >35.,"if seed contains 0 and 3 in any order and combo digit sum is <13 and >35, eliminate combo",0.0,1,,0.0,Skipped - Unrecognized Logic,,,,,,0
seed contains 02 and sum <7 or >26.,"if seed contains 0 and 2 in any order and combo sum is <7 or >26, eliminate combo",0.0,1,,0.0,Skipped - Unrecognized Logic,,,,,,0
seed contains 00 and sum <11 or >33.,"if seed contains 00 and combo digit sum is <11 or >33, eliminte combo",0.0,1,,0.0,Skipped - Unrecognized Logic,,,,,,0
repeating digit filter (3+ shared & sum < 25) - for singles only.,"if combo is a single ( 5 unique digits), is <25 and shares >/=3 digits with seed, eliminate combo",0.0,1,,0.0,Skipped - Unrecognized Logic,,,,,,0
v-trac: none of seed v-tracs present - eliminates if no seed v-tracs in combo.,eliminate combo if none of the v-trac groups from the seed is present in the combo,0.0,1,,0.0,Skipped - Unrecognized Logic,,,,,,0
v-trac: all seed v-tracs present - eliminates if all v-trac groups from seed are in combo.,eliminate combo if all v-trac groups from seed are in combo.,0.0,1,,0.0,Skipped - Unrecognized Logic,,,,,,0
v-trac: all 5 groups present - eliminates if all 5 v-trac groups used.,"If each of the 5 digits in the combo is from a different v trac group, 5 different v-trac groups in combo, eliminate combo",0.0,1,,0.0,Skipped - Unrecognized Logic,,,,,,0
v-trac: only 2 groups present - eliminates if only 2 v-trac groups used.,"if all five combo digits represent </=2 v-trac groups, eliminate combo",0.0,1,,0.0,Skipped - Unrecognized Logic,,,,,,0
v-trac: all digits same group - eliminates if all digits share the same v-trac group.,"if all digits in combo share a single v-trac group, eliminate combo",0.0,1,,0.0,Skipped - Unrecognized Logic,,,,,,0
seed contains 2 -> winner must contain 4 or 5.,"if any digit in the seed is 2 and combo does not contain either 4 nor 5, eliminate combo",0.0,1,,0.0,Skipped - Unrecognized Logic,,,,,,0
"seed contains 1 -> winner must contain 2, 3, or 4.","if any digit in the seed is 1 and combo does not contain either 2, 3, or 4, eliminate combo",0.0,1,,0.0,Skipped - Unrecognized Logic,,,,,,0
seed digit exclusion 26,"Eliminate if seed contains 8 and winner contains neither 1, 3, nor 2",0.0,1,,0.0,Skipped - Unrecognized Logic,,,,,,0
seed digit exclusion 25,Eliminate if seed contains 7 and winner contains neither 2 nor 1,0.0,1,,0.0,Skipped - Unrecognized Logic,60.0,,,,,0
seed digit exclusion 24,Eliminate if seed contains 4 and winner contains neither 5 nor 6,0.0,1,,0.0,Skipped - Unrecognized Logic,45.0,,,,,0
seed digit exclusion 23,"Eliminate if seed contains 9 and winner contains neither 3, 5, nor 1",0.0,1,,0.0,Skipped - Unrecognized Logic,,,,,,0
sum = 37,Eliminate if the digit sum of the combination equals 37 unless seed >/=30,0.0,1,,0.0,Skipped - Unrecognized Logic,2.0,,,,,0
sum = 10,Eliminate if the digit sum of the combination equals 10.,0.0,1,,0.0,Skipped - Unrecognized Logic,3.0,,,,,0
sum = 39,Eliminate if the digit sum of the combination equals 39 unless seed >/=30,0.0,1,,0.0,Skipped - Unrecognized Logic,2.0,,,,,0
sum = 40,Eliminate if the digit sum of the combination equals 40 unless seed >/=30,0.0,1,,0.0,Skipped - Unrecognized Logic,1.0,,,,,0
sum = 38,Eliminate if the digit sum of the combination equals 38 unless seed >/=30,0.0,1,,0.0,Skipped - Unrecognized Logic,1.0,,,,,0
sum = 9,Eliminate if the digit sum of the combination equals 9.,0.0,1,,0.0,Skipped - Unrecognized Logic,1.0,,,,,0
sum = 8,Eliminate if the digit sum of the combination equals 8.,0.0,1,,0.0,Skipped - Unrecognized Logic,1.0,,,,,0
sum = 7,Eliminate if the digit sum of the combination equals 7.,0.0,1,,0.0,Skipped - Unrecognized Logic,1.0,,,,,0
sum = 6,Eliminate if the digit sum of the combination equals 6.,0.0,1,,0.0,Skipped - Unrecognized Logic,1.0,,,,,0
sum = 36,Eliminate if the digit sum of the combination equals 36 unless seed >/=30,0.0,1,,0.0,Skipped - Unrecognized Logic,0.0,,,,,0
sum = 45,Eliminate if the digit sum of the combination equals 45 unless seed >/=30,0.0,1,,0.0,Skipped - Unrecognized Logic,0.0,,,,,0
sum = 44,Eliminate if the digit sum of the combination equals 44 unless seed >/=30,0.0,1,,0.0,Skipped - Unrecognized Logic,0.0,,,,,0
sum = 43,Eliminate if the digit sum of the combination equals 43 unless seed >/=30,0.0,1,,0.0,Skipped - Unrecognized Logic,0.0,,,,,0
sum = 42,Eliminate if the digit sum of the combination equals 42 unless seed >/=30,0.0,1,,0.0,Skipped - Unrecognized Logic,0.0,,,,,0
sum = 41,Eliminate if the digit sum of the combination equals 41 unless seed >/=30,0.0,1,,0.0,Skipped - Unrecognized Logic,0.0,,,,,0
sum = 5,Eliminate if the digit sum of the combination equals 5.,0.0,1,,0.0,Skipped - Unrecognized Logic,0.0,,,,,0
sum = 4,Eliminate if the digit sum of the combination equals 4.,0.0,1,,0.0,Skipped - Unrecognized Logic,0.0,,,,,0
sum = 3,Eliminate if the digit sum of the combination equals 3.,0.0,1,,0.0,Skipped - Unrecognized Logic,0.0,,,,,0
sum = 2,Eliminate if the digit sum of the combination equals 2.,0.0,1,,0.0,Skipped - Unrecognized Logic,0.0,,,,,0
sum = 34,Eliminate if the digit sum of the combination equals 34 unless seed >/=30,0.0,1,,0.0,Skipped - Unrecognized Logic,2.0,,,,,0
consecutive digits >= 4 - eliminates clusters of consecutive digits.,"eliminate combos with </=4 digits which follow one another in consecutive numerical order, despite how they are ordered in combo",0.0,1,,0.0,Skipped - Unrecognized Logic,,,,,,0
seed digit exclusion 1,Action: Eliminate if seed contains 2 and winner contains neither 5 nor 4.,0.0,1,,0.0,Skipped - Unrecognized Logic,40.0,,,,,0
"if seed sum =16, and combo digit sum is <12 and >20, eliminate combo","if seed sum =16, a combo digit sum is <12 and >20, eliminate combo",0.0,1,,0.0,Skipped - Unrecognized Logic,6.0,,,,,0
seed digit exclusion 22,Eliminate if seed contains 3 and winner contains neither 5 nor 4,0.0,1,,0.0,Skipped - Unrecognized Logic,55.0,,,,,0
seed digit exclusion 21,"Eliminate if seed contains 0 and winner contains neither 1, 2, nor 3",0.0,1,,0.0,Skipped - Unrecognized Logic,,,,,,0
seed digit exclusion 20,"Eliminate if seed contains 1 and winner contains neither 2, 3, nor 4",0.0,1,,0.0,Skipped - Unrecognized Logic,,,,,,0
seed digit exclusion 19,Eliminate if seed contains 2 and winner contains neither 5 nor 4,0.0,1,,0.0,Skipped - Unrecognized Logic,40.0,,,,,0
seed sum range 18,Keep only combinations where the digit sum is between 20 and 28 (inclusive) if the seed sum is 26 or higher.,0.0,1,,0.0,Skipped - Unrecognized Logic,8.0,,,,,0
seed sum range 17,Keep only combinations where the digit sum is between 19 and 25 (inclusive) if the seed sum is 17,0.0,1,,0.0,Skipped - Unrecognized Logic,13.0,,,,,0
seed sum range 16,Keep only combinations where the digit sum is between 16 and 25 (inclusive) if the seed sum is between 22 and 23,0.0,1,,0.0,Skipped - Unrecognized Logic,19.0,,,,,0
seed sum range 15,Keep only combinations where the digit sum is between 14 and 24 (inclusive) if the seed sum is between 19 and 21,0.0,1,,0.0,Skipped - Unrecognized Logic,33.0,,,,,0
seed sum range 14,Keep only combinations where the digit sum is between 14 and 22 (inclusive) if the seed sum is between 13 and 15,0.0,1,,0.0,Skipped - Unrecognized Logic,14.0,,,,,0
seed sum range 13,Keep only combinations where the digit sum is between 12 and 25 (inclusive) if the seed sum is  12,0.0,1,,0.0,Skipped - Unrecognized Logic,,,,,,0
seed sum range 12,Keep only combinations where the digit sum is between 12 and 20 (inclusive) if the seed sum is 16.,0.0,1,,0.0,Skipped - Unrecognized Logic,6.0,,,,,0
seed sum range 11,Keep only combinations where the digit sum is between 11 and 26 (inclusive) if the seed sum is 17 or 18.,0.0,1,,0.0,Skipped - Unrecognized Logic,5.0,,,,,0
"If digit 2 appears in the seed, then the combomust contain either digit 5 or digit 4 or else , eliminate comboIf digit 2 appears in the seed, then the combomust contain either digit 5 or digit 4 or else , eliminate combo","If digit 2 appears in the seed, then the combomust contain either digit 5 or digit 4 or else , eliminate combo",40.0,125,,0.0,Skipped - Unrecognized Logic,,,,,,0
"if seed sum is >/=26 and combo digit sum is <20 or >28, eliminate combo","if seed sum is >/=26 and combo digit sum is <20 or >28, eliminate combo",0.0,1,,0.0,Skipped - Unrecognized Logic,,,,,,0
" If seed sum is 24–25 and combo digit sum is <19 or >25, eliminate combo."," If seed sum is 24–25 and combo digit sum is <19 or >25, eliminate combo.",0.0,1,,0.0,Skipped - Unrecognized Logic,20.0,,,,,0
"if seed sum = 22or 23 and combo digit sum is <16 or >25, eliminate  combo",Eliminate if sum <16 or >25,0.0,1,,0.0,Skipped - Unrecognized Logic,,,,,,0
"if seed sum = 19, 20 or 21 and combo digit sum is <14 or >24, eliminate combo","if seed sum = 19, 20 or 21 and combo digit sum is <14 or >24, eliminate combo",0.0,1,,0.0,Skipped - Unrecognized Logic,9.0,,,,,0
"if seed sum =13, 14 or 15 and combo digit sum is <14 and >22, eliminate combo","if seed sum =13, 14 or 15 and combo digit sum is <14 and >22, eliminate combo",0.0,1,,0.0,Skipped - Unrecognized Logic,4.0,,,,,0
"if seed sum is </= 12 and combo digit sum <12 or >25, eliminate combo","if seed sum is </= 12 and combo digit sum <12 or >25, eliminate combo",0.0,1,,11.0,Retested,,,,,,0
"if seed sum =17 or =18 and combo digit sum is <11 or >26, eliminate combo","if seed sum =17or seed sum =18 and combo digit sum is <11 or >26, eliminate combo",0.0,1,,0.0,Skipped - Unrecognized Logic,12.0,,,,,0
"if seed sum end digit is 2 and combo digit sum end digit is 0, eliminate combo","if seed sum end digit is 2 and combo digit sum end digit is 0, eliminate combo",1.0,114,,0.0,Skipped - Unrecognized Logic,1.0,,,,,0
seed sum = 13-15,"if seed sum is between 13 and 15 and combo digit sum is <14 and >22, eliminate combo",0.0,1,,0.0,Skipped - Unrecognized Logic,,,,,,0
seed sum = 17-18,"if seed sum =17-18 and combo digit sum is <11 or >26, eliminate combo",0.0,1,,0.0,Skipped - Unrecognized Logic,5.0,,,,,0
"if combo has ≥4 shared digits with seed and combo digit sum < 34, eliminate combo  ","if combo has ≥4 shared digits with seed and combo digit sum < 34, eliminate combo  ",0.0,Skipped,Missing thresholds,0.0,Skipped - Unrecognized Logic,6.0,,,,,0
"if combo has ≥4 shared digits with seed and combo digit sum < 33, eliminate combo  ","if combo has ≥4 shared digits with seed and combo digit sum < 33, eliminate combo  ",0.0,Skipped,Missing thresholds,0.0,Skipped - Unrecognized Logic,6.0,,,,,0
"if combo has ≥4 shared digits with seed and combo digit sum < 32, eliminate combo  ","if combo has ≥4 shared digits with seed and combo digit sum < 32, eliminate combo  ",0.0,Skipped,Missing thresholds,0.0,Skipped - Unrecognized Logic,6.0,,,,,0
"if combo has ≥4 shared digits with seed and combo digit sum < 31, eliminate combo  ","if combo has ≥4 shared digits with seed and combo digit sum < 31, eliminate combo  ",0.0,Skipped,Missing thresholds,0.0,Skipped - Unrecognized Logic,6.0,,,,,0
"if combo has ≥4 shared digits with seed and combo digit sum < 30, eliminate combo  ","if combo has ≥4 shared digits with seed and combo digit sum < 30, eliminate combo  ",0.0,Skipped,Missing thresholds,0.0,Skipped - Unrecognized Logic,6.0,,,,,0
"if combo has ≥4 shared digits with seed and combo digit sum < 29, eliminate combo  ","if combo has ≥4 shared digits with seed and combo digit sum < 29, eliminate combo  ",0.0,Skipped,Missing thresholds,0.0,Skipped - Unrecognized Logic,6.0,,,,,0
"if combo has ≥4 shared digits with seed and combo digit sum < 28, eliminate combo  ","if combo has ≥4 shared digits with seed and combo digit sum < 28, eliminate combo  ",0.0,Skipped,Missing thresholds,0.0,Skipped - Unrecognized Logic,5.0,,,,,0
"if combo has ≥4 shared digits with seed and combo digit sum < 27, eliminate combo  ","if combo has ≥4 shared digits with seed and combo digit sum < 27, eliminate combo  ",0.0,Skipped,Missing thresholds,0.0,Skipped - Unrecognized Logic,5.0,,,,,0
"if combo has ≥4 shared digits with seed and combo digit sum < 35, eliminate combo  ","if combo has ≥4 shared digits with seed and combo digit sum < 35, eliminate combo  ",0.0,Skipped,Missing thresholds,0.0,Skipped - Unrecognized Logic,6.0,,,,,0
"if combo has ≥4 shared digits with seed and combo digit sum < 26, eliminate combo  ","if combo has ≥4 shared digits with seed and combo digit sum < 26, eliminate combo  ",0.0,Skipped,Missing thresholds,0.0,Skipped - Unrecognized Logic,4.0,,,,,0
"if combo has ≥4 shared digits with seed and combo digit sum < 24, eliminate combo  ","if combo has ≥4 shared digits with seed and combo digit sum < 24, eliminate combo  ",0.0,Skipped,Missing thresholds,0.0,Skipped - Unrecognized Logic,3.0,,,,,0
"if combo has ≥4 shared digits with seed and combo digit sum < 22, eliminate combo  ","if combo has ≥4 shared digits with seed and combo digit sum < 22, eliminate combo  ",0.0,Skipped,Missing thresholds,0.0,Skipped - Unrecognized Logic,3.0,,,,,0
"if combo has ≥4 shared digits with seed and combo digit sum < 21, eliminate combo  ","if combo has ≥4 shared digits with seed and combo digit sum < 21, eliminate combo  ",0.0,Skipped,Missing thresholds,0.0,Skipped - Unrecognized Logic,3.0,,,,,0
"if combo has ≥4 shared digits with seed and combo digit sum < 20, eliminate combo  ","if combo has ≥4 shared digits with seed and combo digit sum < 20, eliminate combo  ",0.0,Skipped,Missing thresholds,0.0,Skipped - Unrecognized Logic,1.0,,,,,0
"if combo has ≥4 shared digits with seed and combo digit sum < 19, eliminate combo  ","if combo has ≥4 shared digits with seed and combo digit sum < 19, eliminate combo  ",0.0,Skipped,Missing thresholds,0.0,Skipped - Unrecognized Logic,1.0,,,,,0
"if combo has ≥4 shared digits with seed and combo digit sum < 18, eliminate combo  ","if combo has ≥4 shared digits with seed and combo digit sum < 18, eliminate combo  ",0.0,Skipped,Missing thresholds,0.0,Skipped - Unrecognized Logic,0.0,,,,,0
"if combo has ≥4 shared digits with seed and combo digit sum < 17, eliminate combo  ","if combo has ≥4 shared digits with seed and combo digit sum < 17, eliminate combo  ",0.0,Skipped,Missing thresholds,0.0,Skipped - Unrecognized Logic,0.0,,,,,0
"if combo has ≥4 shared digits with seed and combo digit sum < 16, eliminate combo  ","if combo has ≥4 shared digits with seed and combo digit sum < 16, eliminate combo  ",0.0,Skipped,Missing thresholds,0.0,Skipped - Unrecognized Logic,0.0,,,,,0
"if combo has ≥4 shared digits with seed and combo digit sum < 25, eliminate combo  ","if combo has ≥4 shared digits with seed and combo digit sum < 25, eliminate combo  ",0.0,Skipped,Missing thresholds,0.0,Skipped - Unrecognized Logic,3.0,,,,,0
"if combo has ≥4 shared digits with seed and combo digit sum < 36, eliminate combo  ","if combo has ≥4 shared digits with seed and combo digit sum < 36, eliminate combo  ",0.0,Skipped,Missing thresholds,0.0,Skipped - Unrecognized Logic,6.0,,,,,0
"if combo has ≥4 shared digits with seed and combo digit sum < 37, eliminate combo  ","if combo has ≥4 shared digits with seed and combo digit sum < 37, eliminate combo  ",0.0,Skipped,Missing thresholds,0.0,Skipped - Unrecognized Logic,6.0,,,,,0
"if combo has ≥4 shared digits with seed and combo digit sum < 38, eliminate combo  ","if combo has ≥4 shared digits with seed and combo digit sum < 38, eliminate combo  ",0.0,Skipped,Missing thresholds,0.0,Skipped - Unrecognized Logic,6.0,,,,,0
"if combo has ≥5 shared digits with seed and combo digit sum < 21, eliminate combo  ","if combo has ≥5 shared digits with seed and combo digit sum < 21, eliminate combo  ",0.0,Skipped,Missing thresholds,0.0,Skipped - Unrecognized Logic,0.0,,,,,0
"if combo has ≥5 shared digits with seed and combo digit sum < 20, eliminate combo  ","if combo has ≥5 shared digits with seed and combo digit sum < 20, eliminate combo  ",0.0,Skipped,Missing thresholds,0.0,Skipped - Unrecognized Logic,0.0,,,,,0
"if combo has ≥5 shared digits with seed and combo digit sum < 19, eliminate combo  ","if combo has ≥5 shared digits with seed and combo digit sum < 19, eliminate combo  ",0.0,Skipped,Missing thresholds,0.0,Skipped - Unrecognized Logic,0.0,,,,,0
"if combo has ≥5 shared digits with seed and combo digit sum < 18, eliminate combo  ","if combo has ≥5 shared digits with seed and combo digit sum < 18, eliminate combo  ",0.0,Skipped,Missing thresholds,0.0,Skipped - Unrecognized Logic,0.0,,,,,0
"if combo has ≥5 shared digits with seed and combo digit sum < 17, eliminate combo  ","if combo has ≥5 shared digits with seed and combo digit sum < 17, eliminate combo  ",0.0,Skipped,Missing thresholds,0.0,Skipped - Unrecognized Logic,0.0,,,,,0
"if combo has ≥5 shared digits with seed and combo digit sum < 16, eliminate combo  ","if combo has ≥5 shared digits with seed and combo digit sum < 16, eliminate combo  ",0.0,Skipped,Missing thresholds,0.0,Skipped - Unrecognized Logic,0.0,,,,,0
"if combo has ≥5 shared digits with seed and combo digit sum < 15, eliminate combo  ","if combo has ≥5 shared digits with seed and combo digit sum < 15, eliminate combo  ",0.0,Skipped,Missing thresholds,0.0,Skipped - Unrecognized Logic,0.0,,,,,0
"if combo has ≥5 shared digits with seed and combo digit sum < 14, eliminate combo  ","if combo has ≥5 shared digits with seed and combo digit sum < 14, eliminate combo  ",0.0,Skipped,Missing thresholds,0.0,Skipped - Unrecognized Logic,0.0,,,,,0
"if combo has ≥5 shared digits with seed and combo digit sum < 13, eliminate combo  ","if combo has ≥5 shared digits with seed and combo digit sum < 13, eliminate combo  ",0.0,Skipped,Missing thresholds,0.0,Skipped - Unrecognized Logic,0.0,,,,,0
"if combo has ≥5 shared digits with seed and combo digit sum < 12, eliminate combo  ","if combo has ≥5 shared digits with seed and combo digit sum < 12, eliminate combo  ",0.0,Skipped,Missing thresholds,0.0,Skipped - Unrecognized Logic,0.0,,,,,0
"if combo has ≥5 shared digits with seed and combo digit sum < 11, eliminate combo  ","if combo has ≥5 shared digits with seed and combo digit sum < 11, eliminate combo  ",0.0,Skipped,Missing thresholds,0.0,Skipped - Unrecognized Logic,0.0,,,,,0
"if combo has ≥5 shared digits with seed and combo digit sum < 10, eliminate combo  ","if combo has ≥5 shared digits with seed and combo digit sum < 10, eliminate combo  ",0.0,Skipped,Missing thresholds,0.0,Skipped - Unrecognized Logic,0.0,,,,,0
"if combo has ≥4 shared digits with seed and combo digit sum < 45, eliminate combo  ","if combo has ≥4 shared digits with seed and combo digit sum < 45, eliminate combo  ",0.0,Skipped,Missing thresholds,0.0,Skipped - Unrecognized Logic,6.0,,,,,0
"if combo has ≥4 shared digits with seed and combo digit sum < 44, eliminate combo  ","if combo has ≥4 shared digits with seed and combo digit sum < 44, eliminate combo  ",0.0,Skipped,Missing thresholds,0.0,Skipped - Unrecognized Logic,6.0,,,,,0
"if combo has ≥4 shared digits with seed and combo digit sum < 43, eliminate combo  ","if combo has ≥4 shared digits with seed and combo digit sum < 43, eliminate combo  ",0.0,Skipped,Missing thresholds,0.0,Skipped - Unrecognized Logic,6.0,,,,,0
"if combo has ≥4 shared digits with seed and combo digit sum < 42, eliminate combo  ","if combo has ≥4 shared digits with seed and combo digit sum < 42, eliminate combo  ",0.0,Skipped,Missing thresholds,0.0,Skipped - Unrecognized Logic,6.0,,,,,0
"if combo has ≥4 shared digits with seed and combo digit sum < 41, eliminate combo  ","if combo has ≥4 shared digits with seed and combo digit sum < 41, eliminate combo  ",0.0,Skipped,Missing thresholds,0.0,Skipped - Unrecognized Logic,6.0,,,,,0
"if combo has ≥4 shared digits with seed and combo digit sum < 40, eliminate combo  ","if combo has ≥4 shared digits with seed and combo digit sum < 40, eliminate combo  ",0.0,Skipped,Missing thresholds,0.0,Skipped - Unrecognized Logic,6.0,,,,,0
"if combo has ≥4 shared digits with seed and combo digit sum < 39, eliminate combo  ","if combo has ≥4 shared digits with seed and combo digit sum < 39, eliminate combo  ",0.0,Skipped,Missing thresholds,0.0,Skipped - Unrecognized Logic,6.0,,,,,0
"if combo has ≥4 shared digits with seed and combo digit sum < 15, eliminate combo  ","if combo has ≥4 shared digits with seed and combo digit sum < 15, eliminate combo  ",0.0,Skipped,Missing thresholds,0.0,Skipped - Unrecognized Logic,0.0,,,,,0
"if combo has ≥4 shared digits with seed and combo digit sum < 13, eliminate combo","if combo has ≥4 shared digits with seed and combo digit sum < 13, eliminate combo",0.0,Skipped,Missing thresholds,0.0,Skipped - Unrecognized Logic,0.0,,,,,0
"if combo has ≥4 shared digits with seed and combo digit sum < 12, elimiate combo","if combo has ≥4 shared digits with seed and combo digit sum < 12, elimiate combo",0.0,Skipped,Missing thresholds,0.0,Skipped - Unrecognized Logic,0.0,,,,,0
"if combo has ≥4 shared digits with seed andcombo digit sum < 11, eliminate  combo","if combo has ≥4 shared digits with seed andcombo digit sum < 11, eliminate  combo",0.0,Skipped,Missing thresholds,0.0,Skipped - Unrecognized Logic,,,,,,0
eliminate combo if total digit sum is  ±15 from seed sum,eliminate combo if total digit sum is  ±15 from seed sum,0.0,1,,0.0,Skipped - Unrecognized Logic,,,,,,0
eliminate combo if total digit sum is  ±14 from seed sum,eliminate combo if total digit sum is  ±14 from seed sum,0.0,1,,0.0,Skipped - Unrecognized Logic,,,,,,0
eliminate combo if total digit sum is  ±13 from seed sum,eliminate combo if total digit sum is  ±13 from seed sum,0.0,1,,0.0,Skipped - Unrecognized Logic,,,,,,0
Eliminate combos with same root sum as seed,Eliminate combos with same root sum as seed,0.0,1,,0.0,Skipped - Unrecognized Logic,,,,,,0
"if combo contains same odd number of digits as seed, eliminate combo","if combo contains same odd number of digits as seed, eliminate combo",0.0,1,,0.0,Skipped - Unrecognized Logic,,,,,,0
"if combo contains same number of even digits as seed, eliminate combo","if combo contains same number of even digits as seed, eliminate combo",0.0,1,,0.0,Skipped - Unrecognized Logic,,,,,,0
"if combo contains 5 unique digits and total digit sum >25, 3 digits must match seed or else eliminate combo","if combo contains 5 unique digits and total digit sum >25, 3 digits must match seed or else eliminate combo",0.0,1,,0.0,Skipped - Unrecognized Logic,,,,,,0
"if combo contains more than 3 unique digits, it must also contain at least 1 cold digt, or else eliminate combo","if combo contains more than 3 unique digits, it must also contain at least 1 cold digt, or else eliminate combo",0.0,1,,0.0,Skipped - Unrecognized Logic,,,,,,0
 the spread (max digit – min digit) difference from seed must be > 3 or eliminate combo, the spread (max digit – min digit) difference from seed must be > 3 or eliminate combo,0.0,1,,0.0,Skipped - Unrecognized Logic,,,,,,0
"if all 5 digits in combo are >/=5, eliminate combo ","if all 5 digits in combo are >/=5, eliminate combo ",0.0,1,,0.0,Skipped - Unrecognized Logic,,,,,,0
"if all five digits in combo are< /=4, eliminate combo","if all five digits in combo are< /=4, eliminate combo",0.0,1,,0.0,Skipped - Unrecognized Logic,,,,,,0
"if all 5 digits in combo are odd, eliminate combo","if all 5 digits in combo are odd, eliminate combo",0.0,1,,0.0,Skipped - Unrecognized Logic,,,,,,0
"if all 5 digits in combo are even, eliminate combo","if all 5 digits in combo are even, eliminate combo",0.0,1,,0.0,Skipped - Unrecognized Logic,,,,,,0
" If seed sum is 24 or 25 and combo digit sum is <19 or >25, eliminate combo."," If seed sum is 24 or 25 and combo digit sum is <19 or >25, eliminate combo.",0.0,1,,0.0,Skipped - Unrecognized Logic,,,,,,0
seed sum >=26,"if seed sum is >/=26 and combo digit sum is <20 or >28, eliminate combo",0.0,1,,0.0,Skipped - Unrecognized Logic,,,,,,0
seed sum <=12,"if seed sum is </= 12 and combo digit sum <12 or >25, eliminate combo",0.0,1,,11.0,Retested,,,,,,0
seed sum = 24-25,"if seed sum is 24-25 and combo digit sum is >19 or >25, eliminate combo",0.0,1,,0.0,Skipped - Unrecognized Logic,,,,,,0
seed sum = 22-23,"if seed sum = 22-23 and combo digit sum is <16 or >25, eliminate  combo",0.0,1,,0.0,Skipped - Unrecognized Logic,7.0,,,,,0
seed sum = 19-21,"if seed sum = 19-21 and combo digit sum is <14 or >24, eliminate combo",0.0,1,,0.0,Skipped - Unrecognized Logic,9.0,,,,,0
"If the digit sum of the combo equals the mirror of the seed sum, eliminate combo.","If the digit sum of the combo equals the mirror of the seed sum, eliminate combo.",0.0,1,,0.0,Skipped - Unrecognized Logic,,,,,,0
seed sum = 16,"if seed sum =16, a combo digit sum is <12 and >20, eliminate combo",0.0,1,,0.0,Skipped - Unrecognized Logic,6.0,,,,,0
"If no digit in the combo is a mirror of any digit in the seed, eliminate combo.","If no digit in the combo is a mirror of any digit in the seed, eliminate combo.",0.0,1,,0.0,Skipped - Unrecognized Logic,,,,,,0
"If the digit sum of the combo equals the mirror of the seed sum, eliminate combo","If the digit sum of the combo equals the mirror of the seed sum, eliminate combo",0.0,1,,0.0,Skipped - Unrecognized Logic,,,,,,0
"if combo has ≥4 shared digits with seed and combo digit sum < 10, eliminate combo","if combo has ≥4 shared digits with seed and combo digit sum < 10, eliminate combo",0.0,Skipped,Missing thresholds,0.0,Skipped - Unrecognized Logic,0.0,,,,,0
"if combo has  ≥3 shared digits with seed and combo digit  sum < 18, eliminate combo","if combo has  ≥3 shared digits with seed and combo digit  sum < 18, eliminate combo",0.0,Skipped,Missing thresholds,0.0,Skipped - Unrecognized Logic,,,,,,0
"if combo has ≥3 shared digits with seed and combo digit sum < 17, eliminate combo","if combo has ≥3 shared digits with seed and combo digit sum < 17, eliminate combo",0.0,Skipped,Missing thresholds,0.0,Skipped - Unrecognized Logic,11.0,,,,,0
"if combo has ≥3 shared digits with seed and combo digit sum < 16, eliminate combo ","if combo has ≥3 shared digits with seed and combo digit sum < 16, eliminate combo ",0.0,Skipped,Missing thresholds,0.0,Skipped - Unrecognized Logic,7.0,,,,,0
"if combo has ≥3 shared digits with seed and combo digit sum < 15, eliminate combo ","if combo has ≥3 shared digits with seed and combo digit sum < 15, eliminate combo ",0.0,Skipped,Missing thresholds,0.0,Skipped - Unrecognized Logic,4.0,,,,,0
"if combo has ≥3 shared digits with seed and combo digit sum < 14, eliminate combo","if combo has ≥3 shared digits with seed and combo digit sum < 14, eliminate combo",0.0,Skipped,Missing thresholds,0.0,Skipped - Unrecognized Logic,3.0,,,,,0
"if combo has  ≥3 shared digits with seed and combo digit sum < 13, eliminate combo ","if combo has  ≥3 shared digits with seed and combo digit sum < 13, eliminate combo ",0.0,Skipped,Missing thresholds,0.0,Skipped - Unrecognized Logic,,,,,,0
"If combo has  ≥3 shared digits with seed and combo digit  sum < 12, eliminate combo","If combo has  ≥3 shared digits with seed and combo digit  sum < 12, eliminate combo",0.0,Skipped,Missing thresholds,0.0,Skipped - Unrecognized Logic,,,,,,0
"if combo has ≥3 shared digits with seed and combo digit sum < 11, eliminate combo","if combo has ≥3 shared digits with seed and combo digit sum < 11, eliminate combo",0.0,Skipped,Missing thresholds,0.0,Skipped - Unrecognized Logic,0.0,,,,,0
"if combo has ≥3 shared digits with seed and combo digit sum < 10, eliminate combo","if combo has ≥3 shared digits with seed and combo digit sum < 10, eliminate combo",0.0,Skipped,Missing thresholds,0.0,Skipped - Unrecognized Logic,0.0,,,,,0
"if combo has ≥2 shared digits with seed and combo digit sum < 14, eliminate combo","if combo has ≥2 shared digits with seed and combo digit sum < 14, eliminate combo",0.0,Skipped,Missing thresholds,0.0,Skipped - Unrecognized Logic,12.0,,,,,0
"if combo has ≥2 shared digits with seed and combo digit sum < 13, eliminate combo","if combo has ≥2 shared digits with seed and combo digit sum < 13, eliminate combo",0.0,Skipped,Missing thresholds,0.0,Skipped - Unrecognized Logic,9.0,,,,,0
"if combo has ≥2 shared digits with seed and combo digit sum < 12, eliminate combo ","if combo has ≥2 shared digits with seed and combo digit sum < 12, eliminate combo ",0.0,Skipped,Missing thresholds,0.0,Skipped - Unrecognized Logic,7.0,,,,,0
"if combo has ≥2 shared digits with seed and combo digit sum < 11, eliminate combo","if combo has ≥2 shared digits with seed and combo digit sum < 11, eliminate combo",0.0,Skipped,Missing thresholds,0.0,Skipped - Unrecognized Logic,3.0,,,,,0
"if combo has ≥2 shared digits with seed and combo digit  sum < 10, eliminate combo","if combo has ≥2 shared digits with seed and combo digit  sum < 10, eliminate combo",0.0,Skipped,Missing thresholds,0.0,Skipped - Unrecognized Logic,1.0,,,,,0
"if combo has ≥1 shared digits with seed and combo digit sum < 12, eliminate combo","if combo has ≥1 shared digits with seed and combo digit sum < 12, eliminate combo",0.0,Skipped,Missing thresholds,0.0,Skipped - Unrecognized Logic,11.0,,,,,0
"if combo has ≥1 shared digits with seed and combo digit sum < 11, eliminate combo","if combo has ≥1 shared digits with seed and combo digit sum < 11, eliminate combo",0.0,Skipped,Missing thresholds,0.0,Skipped - Unrecognized Logic,7.0,,,,,0
"if combo has ≥1 shared digits with seed and combo digit  sum < 10, eliminate combo","if combo has ≥1 shared digits with seed and combo digit  sum < 10, eliminate combo",0.0,Skipped,Missing thresholds,0.0,Skipped - Unrecognized Logic,4.0,,,,,0
"If a combo contains both a digit and its mirror (0/5, 1/6, 2/7, 3/8, 4/9), eliminate it.","If a combo contains both a digit and its mirror (0/5, 1/6, 2/7, 3/8, 4/9), eliminate it.",0.0,1,,0.0,Skipped - Unrecognized Logic,,,,,,0
"If any digit in combo equals the mirror of the last digit of the seed sum, eliminate combo.","If any digit in combo equals the mirror of the last digit of the seed sum, eliminate combo.",0.0,1,,0.0,Skipped - Unrecognized Logic,,,,,,0
"Seed contains 0,8 → eliminate combos with even sums","0,8",0.0,,,0.0,Active,0.0,eliminate_even_sum_08,Pair,set('08').issubset(seed) and sum(int(d) for d in combo) % 2 == 0,Eliminate combos with even sums,0
